path,bugs,code_smells,reliability_rating,security_hotspots,vulnerabilities,complexity,cognitive_complexity,duplicated_lines,sqale_debt_ratio
/home/ota/metrics_analyze/repos/nahyunHycon/hycon_vehicle_laun,0,0,1.0,0,0,,,0,0.0
/home/ota/metrics_analyze/repos/nahyunHycon/hycon_sensor_kit_laun,0,1,1.0,1,0,14,7,0,0.0
/home/ota/metrics_analyze/repos/nahyunHycon/hycon_autoware_laun,0,0,1.0,0,0,2,0,0,0.0
/home/ota/metrics_analyze/repos/nahyunHycon/hycon_autoware_individual_para,0,0,1.0,0,0,,,0,0.0
/home/ota/metrics_analyze/repos/kimhunhui/tutorial_vehicle_laun,0,0,1.0,0,0,,,0,0.0
/home/ota/metrics_analyze/repos/kimhunhui/autoware_launch.tutorial_vehic,0,0,1.0,0,0,2,0,0,0.0
/home/ota/metrics_analyze/repos/kimhunhui/tutorial_vehicle_individual_para,0,0,1.0,0,0,,,0,0.0
/home/ota/metrics_analyze/repos/kimhunhui/tutorial_vehicle_sensor_kit_laun,0,1,1.0,1,0,15,7,0,0.0
/home/ota/metrics_analyze/repos/ashishpratikpatil/mache_laun,0,0,1.0,0,0,,,0,0.0
/home/ota/metrics_analyze/repos/ashishpratikpatil/autoware_launch.mac,0,0,1.0,0,0,2,0,0,0.0
/home/ota/metrics_analyze/repos/ashishpratikpatil/mache_sensor_kit_laun,0,1,1.0,1,0,14,7,0,0.0
/home/ota/metrics_analyze/repos/ashishpratikpatil/mache_individual_para,0,0,1.0,0,0,,,0,0.0
/home/ota/metrics_analyze/repos/xygyo77/autoware.univer,6,119,4.0,11,1,825,609,1192,0.1
/home/ota/metrics_analyze/repos/jkk-research/autoware_individual_para,0,0,1.0,0,0,,,0,0.0
/home/ota/metrics_analyze/repos/jkk-research/autoware_laun,0,39,1.0,1,0,11,0,168,0.4
/home/ota/metrics_analyze/repos/jkk-research/lexus3_sensor_kit_laun,0,2,1.0,1,0,14,7,0,0.0
/home/ota/metrics_analyze/repos/jkk-research/lexus3_vehicle_laun,0,0,1.0,0,0,,,0,0.0
/home/ota/metrics_analyze/repos/jkk-research/autoware.univer,1,572,3.0,16,1,1830,2118,2339,0.2
/home/ota/metrics_analyze/repos/youweik2/my_sensor_kit_laun,0,1,1.0,1,0,14,7,0,0.0
/home/ota/metrics_analyze/repos/youweik2/my_autoware_laun,0,0,1.0,0,0,2,0,0,0.0
/home/ota/metrics_analyze/repos/youweik2/my_autoware_individual_para,0,0,1.0,0,0,,,0,0.0
/home/ota/metrics_analyze/repos/autowarefoundation/autoware_too,10,94,4.0,0,0,984,1035,431,0.3
/home/ota/metrics_analyze/repos/autowarefoundation/autoware_individual_para,0,0,1.0,0,0,,,0,0.0
/home/ota/metrics_analyze/repos/autowarefoundation/awsim_labs_sensor_kit_laun,0,6,1.0,0,0,11,3,0,0.3
/home/ota/metrics_analyze/repos/autowarefoundation/sample_vehicle_laun,0,0,1.0,0,0,,,0,0.0
/home/ota/metrics_analyze/repos/autowarefoundation/autoware_adapi_ms,0,0,1.0,0,0,,,0,0.0
/home/ota/metrics_analyze/repos/autowarefoundation/autoware_laun,0,0,1.0,0,0,2,0,0,0.0
/home/ota/metrics_analyze/repos/autowarefoundation/transport_d,0,0,1.0,0,0,1,0,0,0.0
/home/ota/metrics_analyze/repos/autowarefoundation/autoware_uti,0,0,1.0,0,0,,,0,0.0
/home/ota/metrics_analyze/repos/autowarefoundation/autoware_cma,0,0,1.0,0,0,,,0,0.0
/home/ota/metrics_analyze/repos/autowarefoundation/ros2_soc,0,0,1.0,0,0,2,0,0,0.0
/home/ota/metrics_analyze/repos/autowarefoundation/autoware_lanelet2_extensi,0,15,1.0,0,0,42,22,0,1.3
/home/ota/metrics_analyze/repos/autowarefoundation/autoware_comm,0,15,1.0,0,0,42,22,0,1.1
/home/ota/metrics_analyze/repos/autowarefoundation/autoware.co,0,0,1.0,0,0,,,0,0.0
/home/ota/metrics_analyze/repos/autowarefoundation/operational-design-d,0,0,1.0,0,0,14,33,0,0.0
/home/ota/metrics_analyze/repos/autowarefoundation/sample_sensor_kit_laun,0,3,1.0,1,0,15,10,0,0.0
/home/ota/metrics_analyze/repos/autowarefoundation/autoware_ms,0,0,1.0,0,0,,,0,0.0
/home/ota/metrics_analyze/repos/autowarefoundation/ament_cma,0,2,1.0,0,0,135,217,0,0.3
/home/ota/metrics_analyze/repos/autowarefoundation/autoware.univer,1,574,3.0,16,1,1862,2133,2339,0.2
/home/ota/metrics_analyze/repos/autowarefoundation/autoware_internal_ms,0,0,1.0,0,0,,,0,0.0
/home/ota/metrics_analyze/repos/autowarefoundation/single_lidar_sensor_kit_laun,0,2,1.0,1,0,11,7,0,0.0
/home/ota/metrics_analyze/repos/blackfoxlab/autoware_individual_para,0,0,1.0,0,0,,,0,0.0
/home/ota/metrics_analyze/repos/blackfoxlab/autoware_laun,0,0,1.0,0,0,2,0,0,0.0
/home/ota/metrics_analyze/repos/blackfoxlab/autoware.vehiclezero_vehicle_laun,0,0,1.0,0,0,,,0,0.0
/home/ota/metrics_analyze/repos/blackfoxlab/autoware.vehiclezero_sensor_kit_laun,0,1,1.0,1,0,14,6,0,0.0
/home/ota/metrics_analyze/repos/AW-SP-Training/s1_sensor_kit_laun,0,1,1.0,1,0,15,7,0,0.0
/home/ota/metrics_analyze/repos/AW-SP-Training/s1_vehicle_laun,0,0,1.0,0,0,,,0,0.0
/home/ota/metrics_analyze/repos/AW-SP-Training/s1_individual_para,0,0,1.0,0,0,,,0,0.0
/home/ota/metrics_analyze/repos/AW-SP-Training/autoware_launch.,0,0,1.0,0,0,2,0,0,0.0
/home/ota/metrics_analyze/repos/LORD-MicroStrain/ntrip_clie,1,12,3.0,0,0,89,122,0,0.6
/home/ota/metrics_analyze/repos/T4-FY23-AW-Training-Team1/autoware_launch.lo,0,1,1.0,0,0,2,0,0,0.0
/home/ota/metrics_analyze/repos/T4-FY23-AW-Training-Team1/logiee_vehicle_laun,0,0,1.0,0,0,,,0,0.0
/home/ota/metrics_analyze/repos/T4-FY23-AW-Training-Team1/logiee_sensor_kit_laun,0,9,1.0,1,0,13,5,0,0.1
/home/ota/metrics_analyze/repos/WehoilZhang/sample_vehicle_laun,0,0,1.0,0,0,,,0,0.0
/home/ota/metrics_analyze/repos/hanfeiwu/autoware_individual_para,0,0,1.0,0,0,,,0,0.0
/home/ota/metrics_analyze/repos/hanfeiwu/autoware_laun,0,0,1.0,0,0,2,0,0,0.0
/home/ota/metrics_analyze/repos/hanfeiwu/leaf_sensor_kit_laun,0,1,1.0,1,0,14,7,0,0.0
/home/ota/metrics_analyze/repos/hanfeiwu/leaf_vehicle_laun,0,0,1.0,0,0,,,0,0.0
/home/ota/metrics_analyze/repos/hanfeiwu/rslidar_s,0,1,1.0,0,0,2,0,0,0.4
/home/ota/metrics_analyze/repos/hanfeiwu/lucid_vision_driv,0,0,1.0,0,0,2,0,0,0.0
/home/ota/metrics_analyze/repos/hanfeiwu/bluespace_ai_xsens_ros_mti_driv,0,0,1.0,0,0,2,0,0,0.0
/home/ota/metrics_analyze/repos/gekidaniino001/rosba,5,14,3.0,1,0,222,243,24,0.2
/home/ota/metrics_analyze/repos/gekidaniino001/lane_width_calculat,0,0,1.0,0,0,,,0,0.0
/home/ota/metrics_analyze/repos/gekidaniino001/aip_launch,0,7,1.0,3,0,45,12,127,0.1
/home/ota/metrics_analyze/repos/gekidaniino001/autoware_individual_para,0,0,1.0,0,0,,,0,0.0
/home/ota/metrics_analyze/repos/gekidaniino001/awsim_labs_sensor_kit_laun,0,6,1.0,0,0,11,3,0,0.3
/home/ota/metrics_analyze/repos/gekidaniino001/sample_vehicle_laun,0,0,1.0,0,0,,,0,0.0
/home/ota/metrics_analyze/repos/gekidaniino001/autoware_adapi_ms,0,0,1.0,0,0,,,0,0.0
/home/ota/metrics_analyze/repos/gekidaniino001/autoware_laun,0,1,1.0,0,0,2,0,0,0.0
/home/ota/metrics_analyze/repos/gekidaniino001/tamagawa_imu_driv,0,0,1.0,0,0,,,0,0.0
/home/ota/metrics_analyze/repos/gekidaniino001/ndt_o,0,0,1.0,16,0,,,0,0.0
/home/ota/metrics_analyze/repos/gekidaniino001/nebu,0,6,1.0,3,0,95,106,0,0.1
/home/ota/metrics_analyze/repos/gekidaniino001/tier4_ad_api_adapt,0,1,1.0,0,0,5,0,0,0.2
/home/ota/metrics_analyze/repos/gekidaniino001/gl,0,0,1.0,0,0,,,0,0.0
/home/ota/metrics_analyze/repos/gekidaniino001/autoware_comm,0,0,1.0,0,0,,,0,0.0
/home/ota/metrics_analyze/repos/gekidaniino001/muS,0,0,1.0,0,0,,,0,0.0
/home/ota/metrics_analyze/repos/gekidaniino001/autoware.co,0,0,1.0,0,0,,,0,0.0
/home/ota/metrics_analyze/repos/gekidaniino001/sample_sensor_kit_laun,0,10,1.0,1,0,13,5,0,0.1
/home/ota/metrics_analyze/repos/gekidaniino001/autoware_ms,0,0,1.0,0,0,,,0,0.0
/home/ota/metrics_analyze/repos/gekidaniino001/MORAI-ROS2_morai_ms,0,2,1.0,0,0,,,0,1.9
/home/ota/metrics_analyze/repos/gekidaniino001/rviz_2d_overlay_plugi,0,1,1.0,0,0,0,0,0,0.3
/home/ota/metrics_analyze/repos/gekidaniino001/ament_cma,0,2,1.0,0,0,127,209,0,0.3
/home/ota/metrics_analyze/repos/gekidaniino001/hesai_pand,0,0,1.0,1,0,5,2,0,0.0
/home/ota/metrics_analyze/repos/gekidaniino001/joystick_drive,2,20,5.0,1,0,189,323,331,0.4
/home/ota/metrics_analyze/repos/gekidaniino001/sensor_component_descripti,0,1,1.0,0,0,1,0,0,0.1
/home/ota/metrics_analyze/repos/gekidaniino001/mqtt_brid,2,2,3.0,0,0,60,39,0,0.1
/home/ota/metrics_analyze/repos/gekidaniino001/pointcloud_to_lasersc,0,1,1.0,0,0,2,0,0,0.1
/home/ota/metrics_analyze/repos/gekidaniino001/transport_drive,0,0,1.0,0,0,1,0,0,0.0
/home/ota/metrics_analyze/repos/gekidaniino001/rtklib_ros_brid,0,0,1.0,0,0,,,0,0.0
/home/ota/metrics_analyze/repos/gekidaniino001/eagle,0,49,1.0,0,0,226,325,205,0.5
/home/ota/metrics_analyze/repos/gekidaniino001/tier4_autoware_ms,0,0,1.0,0,0,,,0,0.0
/home/ota/metrics_analyze/repos/gekidaniino001/autoware_auto_ms,0,0,1.0,0,0,,,0,0.0
/home/ota/metrics_analyze/repos/gekidaniino001/pacmod_interfa,0,0,1.0,0,0,,,0,0.0
/home/ota/metrics_analyze/repos/gekidaniino001/autoware.univer,6,120,4.0,11,1,829,609,1324,0.1
/home/ota/metrics_analyze/repos/gekidaniino001/llh_convert,0,0,1.0,0,0,,,0,0.0
/home/ota/metrics_analyze/repos/gekidaniino001/awsim_sensor_kit_laun,0,5,1.0,0,0,12,4,0,0.2
/home/ota/metrics_analyze/repos/gekidaniino001/autoware_internal_ms,0,0,1.0,0,0,,,0,0.0
/home/ota/metrics_analyze/repos/Monash-Connected-Autonomous-Vehicle/SD-VehicleInterfa,0,8,1.0,2,0,,,0,1.4
/home/ota/metrics_analyze/repos/Monash-Connected-Autonomous-Vehicle/autoware.univer,1,571,3.0,16,1,1830,2118,2339,0.2
/home/ota/metrics_analyze/repos/ShinonomeAkebono/sorter_sensor_kit_laun,0,1,1.0,1,0,14,7,0,0.0
/home/ota/metrics_analyze/repos/ShinonomeAkebono/autoware_launch.sort,0,0,1.0,0,0,2,0,0,0.0
/home/ota/metrics_analyze/repos/ShinonomeAkebono/sorter_individual_para,0,0,1.0,0,0,,,0,0.0
/home/ota/metrics_analyze/repos/zubxxr/autoware_individual_para,0,0,1.0,0,0,,,0,0.0
/home/ota/metrics_analyze/repos/zubxxr/autoware_laun,0,0,1.0,0,0,2,0,0,0.0
/home/ota/metrics_analyze/repos/zubxxr/r2_sensor_kit_laun,0,2,1.0,1,0,14,7,0,0.0
/home/ota/metrics_analyze/repos/kobayu858/autoware_laun,0,0,1.0,0,0,2,0,0,0.0
/home/ota/metrics_analyze/repos/kobayu858/nebu,0,3,1.0,2,0,26,21,0,0.0
/home/ota/metrics_analyze/repos/kobayu858/tier4_ad_api_adapt,0,1,1.0,0,0,5,0,0,0.2
/home/ota/metrics_analyze/repos/kobayu858/sample_sensor_kit_laun,0,3,1.0,1,0,15,7,0,0.1
/home/ota/metrics_analyze/repos/kobayu858/autoware.univer,1,541,3.0,14,1,1583,1846,2339,0.2
/home/ota/metrics_analyze/repos/ZATiTech/open_plann,0,1,1.0,0,0,,,0,0.1
/home/ota/metrics_analyze/repos/wweizheng/autoware_launch.bupt927_vehic,0,0,1.0,0,0,2,0,0,0.0
/home/ota/metrics_analyze/repos/wweizheng/bupt927_vehicle_laun,0,2,1.0,0,0,,,0,1.1
/home/ota/metrics_analyze/repos/wweizheng/bupt927_vehicle_individual_para,0,0,1.0,0,0,,,0,0.0
/home/ota/metrics_analyze/repos/wweizheng/bupt927_vehicle_sensor_kit_laun,0,3,1.0,1,0,14,7,0,0.1
/home/ota/metrics_analyze/repos/XRMobility/rslidar_s,0,0,1.0,0,0,2,0,0,0.0
/home/ota/metrics_analyze/repos/XRMobility/xrm_imugnss_ros2_driv,5,12,4.0,1,0,47,0,0,0.0
/home/ota/metrics_analyze/repos/XRMobility/xrm_vehicle_laun,0,0,1.0,0,0,,,0,0.0
/home/ota/metrics_analyze/repos/XRMobility/xrm_sensor_kit_laun,0,9,1.0,1,0,13,5,0,0.1
/home/ota/metrics_analyze/repos/XRMobility/rslidar_m,0,0,1.0,0,0,,,0,0.0
/home/ota/metrics_analyze/repos/moreVehicle/more_vehicle_laun,0,0,1.0,0,0,,,0,0.0
/home/ota/metrics_analyze/repos/moreVehicle/more_sensor_kit_laun,0,1,1.0,1,0,15,7,0,0.0
/home/ota/metrics_analyze/repos/fixposition/fixposition_gnss_,0,0,1.0,0,0,,,0,0.0
/home/ota/metrics_analyze/repos/Robicarr-Karsan/ntrip_clie,0,1,1.0,0,0,1,0,0,0.5
/home/ota/metrics_analyze/repos/Robicarr-Karsan/lucid_vision_driv,0,0,1.0,0,0,1,0,0,0.0
/home/ota/metrics_analyze/repos/Robicarr-Karsan/CalibrationToo,7,98,5.0,0,0,1106,663,358,0.1
/home/ota/metrics_analyze/repos/Robicarr-Karsan/clap_b7_driv,0,0,1.0,0,0,2,0,0,0.0
/home/ota/metrics_analyze/repos/pingfoo/my_vehicle_laun,0,0,1.0,0,0,,,0,0.0
/home/ota/metrics_analyze/repos/pingfoo/my_sensor_kit_laun,0,2,1.0,2,0,22,10,90,0.0
/home/ota/metrics_analyze/repos/pingfoo/my_individual_para,0,0,1.0,0,0,,,0,0.0
/home/ota/metrics_analyze/repos/pingfoo/autoware_launch.my_vehic,0,0,1.0,0,0,2,0,0,0.0
/home/ota/metrics_analyze/repos/RobotecAI/awsim_sensor_kit_laun,0,6,1.0,0,0,11,3,0,0.3
/home/ota/metrics_analyze/repos/OBIGOGIT/obigo.goasp.autoware.univer,1,571,3.0,16,1,1830,2118,2339,0.2
/home/ota/metrics_analyze/repos/OBIGOGIT/obigo.goasp.autoware_ms,0,0,1.0,0,0,,,0,0.0
/home/ota/metrics_analyze/repos/OBIGOGIT/obigo.goasp.autoware.co,0,0,1.0,0,0,,,0,0.0
/home/ota/metrics_analyze/repos/OBIGOGIT/obigo.goasp.autoware_laun,0,0,1.0,0,0,2,0,0,0.0
/home/ota/metrics_analyze/repos/ANYbotics/grid_m,0,28,1.0,0,0,11,23,0,1.3
/home/ota/metrics_analyze/repos/HelloWorldRobotics/autoware_individual_para,0,0,1.0,0,0,,,0,0.0
/home/ota/metrics_analyze/repos/HelloWorldRobotics/autoware_adapi_ms,0,0,1.0,0,0,,,0,0.0
/home/ota/metrics_analyze/repos/HelloWorldRobotics/autoware_laun,0,0,1.0,0,0,2,0,0,0.0
/home/ota/metrics_analyze/repos/HelloWorldRobotics/tamagawa_imu_driv,0,0,1.0,0,0,,,0,0.0
/home/ota/metrics_analyze/repos/HelloWorldRobotics/ndt_o,0,0,1.0,16,0,,,0,0.0
/home/ota/metrics_analyze/repos/HelloWorldRobotics/tier4_ad_api_adapt,0,1,1.0,0,0,5,0,0,0.2
/home/ota/metrics_analyze/repos/HelloWorldRobotics/heapho,0,2,1.0,0,0,11,28,0,0.9
/home/ota/metrics_analyze/repos/HelloWorldRobotics/autoware_comm,0,0,1.0,0,0,,,0,0.0
/home/ota/metrics_analyze/repos/HelloWorldRobotics/muS,0,0,1.0,0,0,,,0,0.0
/home/ota/metrics_analyze/repos/HelloWorldRobotics/autoware.co,0,0,1.0,0,0,,,0,0.0
/home/ota/metrics_analyze/repos/HelloWorldRobotics/sample_sensor_kit_laun,0,9,1.0,1,0,13,5,0,0.1
/home/ota/metrics_analyze/repos/HelloWorldRobotics/autoware_ms,0,0,1.0,0,0,,,0,0.0
/home/ota/metrics_analyze/repos/HelloWorldRobotics/MORAI-ROS2_morai_ms,0,2,1.0,0,0,,,0,1.9
/home/ota/metrics_analyze/repos/HelloWorldRobotics/awf_velody,0,5,1.0,0,0,30,87,0,0.0
/home/ota/metrics_analyze/repos/HelloWorldRobotics/sensor_component_descripti,0,1,1.0,0,0,1,0,0,0.1
/home/ota/metrics_analyze/repos/HelloWorldRobotics/pointcloud_to_lasersc,0,1,1.0,0,0,2,0,0,0.1
/home/ota/metrics_analyze/repos/HelloWorldRobotics/rtklib_ros_brid,0,0,1.0,0,0,,,0,0.0
/home/ota/metrics_analyze/repos/HelloWorldRobotics/eagle,0,49,1.0,0,0,226,325,205,0.5
/home/ota/metrics_analyze/repos/HelloWorldRobotics/tier4_autoware_ms,0,0,1.0,0,0,,,0,0.0
/home/ota/metrics_analyze/repos/HelloWorldRobotics/autoware_auto_ms,0,0,1.0,0,0,,,0,0.0
/home/ota/metrics_analyze/repos/HelloWorldRobotics/pacmod_interfa,0,0,1.0,0,0,,,0,0.0
/home/ota/metrics_analyze/repos/HelloWorldRobotics/autoware.univer,3,464,3.0,14,1,1374,1464,1803,0.2
/home/ota/metrics_analyze/repos/HelloWorldRobotics/llh_convert,0,0,1.0,0,0,,,0,0.0
/home/ota/metrics_analyze/repos/HelloWorldRobotics/awsim_sensor_kit_laun,0,5,1.0,0,0,12,4,0,0.2
/home/ota/metrics_analyze/repos/cavas-ub/dataspeed_dbw_interfa,0,0,1.0,0,0,2,0,0,0.0
/home/ota/metrics_analyze/repos/RoboSense-LiDAR/rslidar_m,0,0,1.0,0,0,,,0,0.0
/home/ota/metrics_analyze/repos/Box-Robotics/ros2_num,0,25,1.0,0,0,105,85,0,0.5
/home/ota/metrics_analyze/repos/leo-drive/tutorial_vehicle_laun,0,0,1.0,0,0,,,0,0.0
/home/ota/metrics_analyze/repos/leo-drive/nebu,0,6,1.0,3,0,95,106,0,0.1
/home/ota/metrics_analyze/repos/leo-drive/golf_sensor_kit_laun,0,1,1.0,1,0,16,5,0,0.0
/home/ota/metrics_analyze/repos/leo-drive/golf_vehicle_laun,0,0,1.0,0,0,,,0,0.0
/home/ota/metrics_analyze/repos/leo-drive/golf_individual_para,0,0,1.0,0,0,,,0,0.0
/home/ota/metrics_analyze/repos/leo-drive/autoware.universe.go,1,106,3.0,11,1,777,565,1765,0.1
/home/ota/metrics_analyze/repos/leo-drive/rslidar_s,0,0,1.0,0,0,2,0,0,0.0
/home/ota/metrics_analyze/repos/leo-drive/autoware_launch.tutorial_vehic,0,0,1.0,0,0,2,0,0,0.0
/home/ota/metrics_analyze/repos/leo-drive/tutorial_vehicle_individual_para,0,0,1.0,0,0,,,0,0.0
/home/ota/metrics_analyze/repos/leo-drive/rviz_2d_overlay_plugi,0,0,1.0,0,0,,,0,0.0
/home/ota/metrics_analyze/repos/leo-drive/autoware_bag_record,0,0,1.0,0,0,,,0,0.0
/home/ota/metrics_analyze/repos/leo-drive/leo_vehicle_interfa,0,0,1.0,0,0,,,0,0.0
/home/ota/metrics_analyze/repos/leo-drive/tutorial_vehicle_sensor_kit_laun,0,2,1.0,1,0,18,7,0,0.0
/home/ota/metrics_analyze/repos/leo-drive/autoware_launch.go,0,0,1.0,0,0,2,0,0,0.0
/home/ota/metrics_analyze/repos/leo-drive/sbg_ros2_driv,0,2,1.0,0,0,2,0,0,0.5
/home/ota/metrics_analyze/repos/leo-drive/arena_came,0,1,1.0,0,0,2,0,0,0.2
/home/ota/metrics_analyze/repos/lionator/vwp_ms,0,0,1.0,0,0,,,0,0.0
/home/ota/metrics_analyze/repos/lionator/ros2_ouster_drive,0,2,1.0,0,0,2,0,82,0.0
/home/ota/metrics_analyze/repos/lionator/vwp_interfa,0,0,1.0,0,0,,,0,0.0
/home/ota/metrics_analyze/repos/agilexrobotics/ugv_s,0,0,1.0,0,0,,,0,0.0
/home/ota/metrics_analyze/repos/agilexrobotics/hunter_ro,0,0,1.0,0,0,1,0,0,0.0
/home/ota/metrics_analyze/repos/MORAI-Autonomous/MORAI-ROS2_morai_ms,0,2,1.0,0,0,,,0,1.9
/home/ota/metrics_analyze/repos/skill121790/pacifica_vehicle_laun,0,0,1.0,0,0,,,0,0.0
/home/ota/metrics_analyze/repos/skill121790/pacifica_vehicle_individual_para,0,0,1.0,0,0,,,0,0.0
/home/ota/metrics_analyze/repos/skill121790/autoware_launch.pacifica_vehic,0,0,1.0,0,0,2,0,0,0.0
/home/ota/metrics_analyze/repos/skill121790/pacifica_sensor_kit_laun,0,3,1.0,1,0,14,7,0,0.1
/home/ota/metrics_analyze/repos/iASL-Gifu/canedudev_rover_vehicle_int,0,0,1.0,0,0,,,0,0.0
/home/ota/metrics_analyze/repos/iASL-Gifu/canedudev_rover_vehicle_,0,0,1.0,0,0,,,0,0.0
/home/ota/metrics_analyze/repos/iASL-Gifu/canedudev_rover_autoware_,0,0,1.0,0,0,2,0,0,0.0
/home/ota/metrics_analyze/repos/iASL-Gifu/canedudev_rover_individual_,0,0,1.0,0,0,,,0,0.0
/home/ota/metrics_analyze/repos/iASL-Gifu/canedudev_rover_sensor_kit_,0,2,1.0,1,0,14,7,0,0.0
/home/ota/metrics_analyze/repos/ros-perception/vision_open,0,83,1.0,5,0,200,134,38,0.9
/home/ota/metrics_analyze/repos/ros-perception/image_pipeli,7,83,5.0,23,0,481,556,72,0.4
/home/ota/metrics_analyze/repos/ros-perception/image_comm,0,2,1.0,0,0,7,5,0,0.3
/home/ota/metrics_analyze/repos/mlab-upenn/gokart-autoware.un,428,3476,5.0,48,1,3628,3268,8928,0.7
/home/ota/metrics_analyze/repos/IUTSmartMining/autoware_individual_para,0,0,1.0,0,0,,,0,0.0
/home/ota/metrics_analyze/repos/IUTSmartMining/sample_vehicle_laun,0,0,1.0,0,0,,,0,0.0
/home/ota/metrics_analyze/repos/IUTSmartMining/autoware_laun,0,0,1.0,0,0,4,0,0,0.0
/home/ota/metrics_analyze/repos/IUTSmartMining/sample_vehicle_launch_prototy,0,0,1.0,0,0,,,0,0.0
/home/ota/metrics_analyze/repos/IUTSmartMining/sample_sensor_kit_laun,0,4,1.0,4,0,27,12,196,0.0
/home/ota/metrics_analyze/repos/IUTSmartMining/sample_sensor_kit_launch_prototy,0,3,1.0,4,0,24,12,196,0.0
/home/ota/metrics_analyze/repos/IUTSmartMining/ars408_driv,0,2,1.0,3,0,,,0,0.5
/home/ota/metrics_analyze/repos/IUTSmartMining/autoware_individual_params_prototy,0,0,1.0,0,0,,,0,0.0
/home/ota/metrics_analyze/repos/astri-inm-sm/livox_ros_drive,0,5,1.0,0,0,6,0,123,0.2
/home/ota/metrics_analyze/repos/astri-inm-sm/hunter_se_vehicle_laun,0,0,1.0,0,0,,,0,0.0
/home/ota/metrics_analyze/repos/astri-inm-sm/hunter_se_individual_para,0,0,1.0,0,0,,,0,0.0
/home/ota/metrics_analyze/repos/astri-inm-sm/autoware_launch.hunter_,0,0,1.0,0,0,2,0,0,0.0
/home/ota/metrics_analyze/repos/astri-inm-sm/hunter_se_sensor_kit_laun,0,10,1.0,2,0,23,12,274,0.1
/home/ota/metrics_analyze/repos/AVGTeam-OperakitB/pix_vehicle_interfa,0,16,1.0,0,0,153,128,0,0.2
/home/ota/metrics_analyze/repos/AVGTeam-OperakitB/autoware_individual_para,0,0,1.0,0,0,,,0,0.0
/home/ota/metrics_analyze/repos/AVGTeam-OperakitB/sample_vehicle_laun,0,0,1.0,0,0,,,0,0.0
/home/ota/metrics_analyze/repos/AVGTeam-OperakitB/autoware_adapi_ms,0,0,1.0,0,0,,,0,0.0
/home/ota/metrics_analyze/repos/AVGTeam-OperakitB/autoware_laun,0,3,1.0,0,0,2,0,0,0.1
/home/ota/metrics_analyze/repos/AVGTeam-OperakitB/tamagawa_imu_driv,0,0,1.0,0,0,,,0,0.0
/home/ota/metrics_analyze/repos/AVGTeam-OperakitB/ndt_o,0,0,1.0,0,0,12,24,0,0.0
/home/ota/metrics_analyze/repos/AVGTeam-OperakitB/nebu,0,6,1.0,3,0,95,106,0,0.1
/home/ota/metrics_analyze/repos/AVGTeam-OperakitB/tier4_ad_api_adapt,0,1,1.0,0,0,5,0,0,0.2
/home/ota/metrics_analyze/repos/AVGTeam-OperakitB/autoware_comm,0,15,1.0,0,0,42,22,0,1.1
/home/ota/metrics_analyze/repos/AVGTeam-OperakitB/nmea_navsat_driv,0,9,1.0,1,0,75,124,0,0.5
/home/ota/metrics_analyze/repos/AVGTeam-OperakitB/muS,0,0,1.0,0,0,,,0,0.0
/home/ota/metrics_analyze/repos/AVGTeam-OperakitB/autoware.co,0,0,1.0,0,0,,,0,0.0
/home/ota/metrics_analyze/repos/AVGTeam-OperakitB/sample_sensor_kit_laun,0,4,1.0,1,0,14,7,0,0.1
/home/ota/metrics_analyze/repos/AVGTeam-OperakitB/autoware_ms,0,0,1.0,0,0,,,0,0.0
/home/ota/metrics_analyze/repos/AVGTeam-OperakitB/MORAI-ROS2_morai_ms,0,2,1.0,0,0,,,0,1.9
/home/ota/metrics_analyze/repos/AVGTeam-OperakitB/RS_LiD,0,1,1.0,0,0,2,0,0,0.1
/home/ota/metrics_analyze/repos/AVGTeam-OperakitB/ament_cma,0,2,1.0,0,0,135,217,0,0.3
/home/ota/metrics_analyze/repos/AVGTeam-OperakitB/sensor_component_descripti,0,1,1.0,0,0,1,0,0,0.1
/home/ota/metrics_analyze/repos/AVGTeam-OperakitB/pointcloud_to_lasersc,0,1,1.0,0,0,2,0,0,0.1
/home/ota/metrics_analyze/repos/AVGTeam-OperakitB/transport_drive,0,0,1.0,0,0,1,0,0,0.0
/home/ota/metrics_analyze/repos/AVGTeam-OperakitB/rtklib_ros_brid,0,0,1.0,0,0,,,0,0.0
/home/ota/metrics_analyze/repos/AVGTeam-OperakitB/eagle,0,49,1.0,0,0,229,334,205,0.6
/home/ota/metrics_analyze/repos/AVGTeam-OperakitB/tier4_autoware_ms,0,0,1.0,0,0,,,0,0.0
/home/ota/metrics_analyze/repos/AVGTeam-OperakitB/autoware_auto_ms,0,0,1.0,0,0,,,0,0.0
/home/ota/metrics_analyze/repos/AVGTeam-OperakitB/autoware.univer,1,112,3.0,11,1,805,575,1715,0.1
/home/ota/metrics_analyze/repos/AVGTeam-OperakitB/llh_convert,0,0,1.0,0,0,,,0,0.0
/home/ota/metrics_analyze/repos/AVGTeam-OperakitB/awsim_sensor_kit_laun,0,6,1.0,0,0,11,3,0,0.3
/home/ota/metrics_analyze/repos/AVGTeam-OperakitB/autoware_internal_ms,0,0,1.0,0,0,,,0,0.0
/home/ota/metrics_analyze/repos/zillur-av/autoware_individual_params_m,0,0,1.0,0,0,,,0,0.0
/home/ota/metrics_analyze/repos/zillur-av/mkz_interfa,0,12,1.0,0,0,24,7,0,0.8
/home/ota/metrics_analyze/repos/zillur-av/sensor_component_descripti,0,1,1.0,0,0,1,0,0,0.1
/home/ota/metrics_analyze/repos/zillur-av/mkz_laun,0,0,1.0,0,0,,,0,0.0
/home/ota/metrics_analyze/repos/Fleming-Sung/siat4steer_vehicle_laun,0,0,1.0,0,0,,,0,0.0
/home/ota/metrics_analyze/repos/Fleming-Sung/siat4steer_sensor_kit_laun,0,1,1.0,1,0,14,7,0,0.0
/home/ota/metrics_analyze/repos/Fleming-Sung/siat4steer_individual_para,0,0,1.0,0,0,,,0,0.0
/home/ota/metrics_analyze/repos/Fleming-Sung/siat4steer_laun,0,0,1.0,0,0,2,0,0,0.0
/home/ota/metrics_analyze/repos/dtonda8/twizy_sensor_kit_laun,0,4,1.0,1,0,18,9,0,0.1
/home/ota/metrics_analyze/repos/dtonda8/Calibratio,7,100,5.0,0,0,1140,680,358,0.1
/home/ota/metrics_analyze/repos/dtonda8/twizy_individual_para,0,0,1.0,0,0,,,0,0.0
/home/ota/metrics_analyze/repos/dtonda8/autoware_launch.twi,0,0,1.0,0,0,2,0,0,0.0
/home/ota/metrics_analyze/repos/dtonda8/twizy_vehicle_laun,0,0,1.0,0,0,,,0,0.0
/home/ota/metrics_analyze/repos/nabetetsu/TIL,1,57,2.0,2,0,553,586,106,0.3
/home/ota/metrics_analyze/repos/nabetetsu/experimental.tilde.autoware.univer,6,121,4.0,11,1,783,551,1193,0.1
/home/ota/metrics_analyze/repos/MOREVehicle/autoware_individual_para,0,0,1.0,0,0,,,0,0.0
/home/ota/metrics_analyze/repos/MOREVehicle/autoware_laun,0,0,1.0,0,0,2,0,0,0.0
/home/ota/metrics_analyze/repos/MOREVehicle/more_c,0,98,1.0,0,0,92,87,1662,1.0
/home/ota/metrics_analyze/repos/MOREVehicle/more_interfac,0,0,1.0,0,0,,,0,0.0
/home/ota/metrics_analyze/repos/MOREVehicle/vbox_imu03_driv,0,0,1.0,0,0,,,0,0.0
/home/ota/metrics_analyze/repos/MOREVehicle/autoware.univer,8,131,4.0,11,1,1113,807,2014,0.1
/home/ota/metrics_analyze/repos/knu-citac/citac_sensor_kit_laun,0,3,1.0,1,0,15,10,0,0.0
/home/ota/metrics_analyze/repos/knu-citac/citac_individual_para,0,0,1.0,0,0,,,0,0.0
/home/ota/metrics_analyze/repos/knu-citac/sensor_component_descripti,0,1,1.0,0,0,1,0,0,0.1
/home/ota/metrics_analyze/repos/knu-citac/autoware_launch.cit,0,0,1.0,0,0,2,0,0,0.0
/home/ota/metrics_analyze/repos/knu-citac/citac_vehicle_laun,0,0,1.0,0,0,,,0,0.0
/home/ota/metrics_analyze/repos/norasper/autoware_individual_para,0,0,1.0,0,0,,,0,0.0
/home/ota/metrics_analyze/repos/norasper/sample_vehicle_laun,0,0,1.0,0,0,,,0,0.0
/home/ota/metrics_analyze/repos/norasper/autoware_adapi_ms,0,0,1.0,0,0,,,0,0.0
/home/ota/metrics_analyze/repos/norasper/autoware_laun,0,0,1.0,0,0,2,0,0,0.0
/home/ota/metrics_analyze/repos/norasper/tamagawa_imu_driv,0,0,1.0,0,0,,,0,0.0
/home/ota/metrics_analyze/repos/norasper/ndt_o,0,0,1.0,16,0,,,0,0.0
/home/ota/metrics_analyze/repos/norasper/nebu,0,3,1.0,2,0,26,21,0,0.0
/home/ota/metrics_analyze/repos/norasper/tier4_ad_api_adapt,0,1,1.0,0,0,5,0,0,0.2
/home/ota/metrics_analyze/repos/norasper/autoware_comm,0,15,1.0,0,0,42,22,0,1.1
/home/ota/metrics_analyze/repos/norasper/muS,0,0,1.0,0,0,,,0,0.0
/home/ota/metrics_analyze/repos/norasper/autoware.co,0,0,1.0,0,0,,,0,0.0
/home/ota/metrics_analyze/repos/norasper/sample_sensor_kit_laun,0,1,1.0,1,0,14,6,0,0.0
/home/ota/metrics_analyze/repos/norasper/autoware_ms,0,0,1.0,0,0,,,0,0.0
/home/ota/metrics_analyze/repos/norasper/MORAI-ROS2_morai_ms,0,2,1.0,0,0,,,0,1.9
/home/ota/metrics_analyze/repos/norasper/sensor_component_descripti,0,1,1.0,0,0,1,0,0,0.1
/home/ota/metrics_analyze/repos/norasper/pointcloud_to_lasersc,0,1,1.0,0,0,2,0,0,0.1
/home/ota/metrics_analyze/repos/norasper/transport_drive,0,0,1.0,0,0,1,0,0,0.0
/home/ota/metrics_analyze/repos/norasper/rtklib_ros_brid,0,0,1.0,0,0,,,0,0.0
/home/ota/metrics_analyze/repos/norasper/eagle,0,49,1.0,0,0,229,334,205,0.6
/home/ota/metrics_analyze/repos/norasper/tier4_autoware_ms,0,0,1.0,0,0,,,0,0.0
/home/ota/metrics_analyze/repos/norasper/autoware_auto_ms,0,0,1.0,0,0,,,0,0.0
/home/ota/metrics_analyze/repos/norasper/pacmod_interfa,0,0,1.0,0,0,,,0,0.0
/home/ota/metrics_analyze/repos/norasper/autoware.univer,8,133,4.0,11,1,1130,811,2014,0.1
/home/ota/metrics_analyze/repos/norasper/llh_convert,0,0,1.0,0,0,,,0,0.0
/home/ota/metrics_analyze/repos/norasper/awsim_sensor_kit_laun,0,6,1.0,0,0,11,3,0,0.3
/home/ota/metrics_analyze/repos/lomby-inc/autoware_laun,0,0,1.0,0,0,2,0,0,0.0
/home/ota/metrics_analyze/repos/lomby-inc/lomby_sensor_component_descripti,0,1,1.0,0,0,1,0,0,0.1
/home/ota/metrics_analyze/repos/lomby-inc/lomby_autoware_individual_para,0,0,1.0,0,0,,,0,0.0
/home/ota/metrics_analyze/repos/christianrauch/apriltag_ms,0,0,1.0,0,0,,,0,0.0
/home/ota/metrics_analyze/repos/christianrauch/apriltag_r,0,0,1.0,0,0,,,0,0.0
/home/ota/metrics_analyze/repos/tier4-2023-team2/logiee-s-tc_laun,0,0,1.0,0,0,,,0,0.0
/home/ota/metrics_analyze/repos/tier4-2023-team2/autoware_laun,0,0,1.0,0,0,2,0,0,0.0
/home/ota/metrics_analyze/repos/tier4-2023-team2/logiee-s-tc_sensor_kit_laun,0,1,1.0,1,0,14,5,0,0.0
/home/ota/metrics_analyze/repos/tier4-2023-team2/logiee-s-tc_sensor_kit_calib_laun,0,5,1.0,0,0,,,0,0.3
/home/ota/metrics_analyze/repos/tier4-2023-team2/autoware.univer,6,119,4.0,11,1,851,635,1080,0.1
/home/ota/metrics_analyze/repos/tier4-2023-team2/microstrain_inerti,0,0,1.0,0,0,10,4,0,0.0
/home/ota/metrics_analyze/repos/Arslan-Z/autoware_individual_para,0,0,1.0,0,0,,,0,0.0
/home/ota/metrics_analyze/repos/Arslan-Z/fixposition_driv,0,0,1.0,0,0,,,0,0.0
/home/ota/metrics_analyze/repos/Arslan-Z/athena_autoware_laun,0,15,1.0,0,0,3,0,0,0.2
/home/ota/metrics_analyze/repos/Arslan-Z/athena_sensor_kit_laun,0,13,1.0,1,0,17,7,94,0.2
/home/ota/metrics_analyze/repos/Arslan-Z/ugv_s,0,0,1.0,0,0,,,0,0.0
/home/ota/metrics_analyze/repos/Arslan-Z/hunter_ro,0,0,1.0,0,0,1,0,0,0.0
/home/ota/metrics_analyze/repos/Arslan-Z/rslidar_s,0,0,1.0,0,0,2,0,0,0.0
/home/ota/metrics_analyze/repos/Arslan-Z/hunter_vehicle_laun,0,0,1.0,0,0,,,0,0.0
/home/ota/metrics_analyze/repos/Arslan-Z/athena_individual_para,0,0,1.0,0,0,,,0,0.0
/home/ota/metrics_analyze/repos/gmsanchez/bluespace_ai_xsens_ros_mti_,0,0,1.0,0,0,2,0,0,0.0
/home/ota/metrics_analyze/repos/subramanians1/my_vehicle_laun,0,0,1.0,0,0,,,0,0.0
/home/ota/metrics_analyze/repos/subramanians1/my_vehicle_individual_para,0,0,1.0,0,0,,,0,0.0
/home/ota/metrics_analyze/repos/subramanians1/autoware_launch.my_vehic,0,0,1.0,0,0,2,0,0,0.0
/home/ota/metrics_analyze/repos/subramanians1/pylon_driv,0,0,1.0,0,0,6,6,0,0.0
/home/ota/metrics_analyze/repos/tier4/velodyne_v,0,5,1.0,0,0,30,87,0,0.0
/home/ota/metrics_analyze/repos/tier4/scenario_simulator_,9,30,5.0,17,0,196,223,130,0.1
/home/ota/metrics_analyze/repos/tier4/tamagawa_imu_driv,0,0,1.0,0,0,,,0,0.0
/home/ota/metrics_analyze/repos/tier4/ndt_o,0,3,1.0,0,0,23,42,0,0.2
/home/ota/metrics_analyze/repos/tier4/nebu,0,8,1.0,3,0,90,101,0,0.2
/home/ota/metrics_analyze/repos/tier4/LiDART,0,1,1.0,0,0,2,4,0,0.2
/home/ota/metrics_analyze/repos/tier4/tier4_ad_api_adapt,0,1,1.0,0,0,5,0,0,0.2
/home/ota/metrics_analyze/repos/tier4/autoware_perception_evaluati,7,160,5.0,8,0,2028,2123,1960,0.2
/home/ota/metrics_analyze/repos/tier4/edge_auto_laun,0,7,1.0,0,0,5,4,0,0.2
/home/ota/metrics_analyze/repos/tier4/edge_auto_individual_para,0,0,1.0,0,0,,,0,0.0
/home/ota/metrics_analyze/repos/tier4/heapho,0,2,1.0,0,0,36,43,0,0.3
/home/ota/metrics_analyze/repos/tier4/gl,0,0,1.0,0,0,,,0,0.0
/home/ota/metrics_analyze/repos/tier4/sensor_component_descr,0,1,1.0,0,0,1,0,0,0.1
/home/ota/metrics_analyze/repos/tier4/muS,0,0,1.0,0,0,,,0,0.0
/home/ota/metrics_analyze/repos/tier4/TIL,1,57,2.0,2,0,553,586,106,0.3
/home/ota/metrics_analyze/repos/tier4/training_sensor_kit_laun,0,1,1.0,1,0,14,6,0,0.0
/home/ota/metrics_analyze/repos/tier4/ros2_v4l2_came,0,0,1.0,0,0,4,0,0,0.0
/home/ota/metrics_analyze/repos/tier4/CalibrationToo,6,88,5.0,2,0,1457,910,2577,0.1
/home/ota/metrics_analyze/repos/tier4/autoware_individual_params.traini,0,0,1.0,0,0,,,0,0.0
/home/ota/metrics_analyze/repos/tier4/driving_log_replay,11,119,5.0,6,0,1077,763,479,0.4
/home/ota/metrics_analyze/repos/tier4/sensor_component_descripti,0,1,1.0,0,0,1,0,0,0.1
/home/ota/metrics_analyze/repos/tier4/pointcloud_to_lasersc,0,1,1.0,0,0,2,0,0,0.1
/home/ota/metrics_analyze/repos/tier4/LiDARTag_ms,0,0,1.0,0,0,,,0,0.0
/home/ota/metrics_analyze/repos/tier4/tier4_autoware_ms,0,0,1.0,0,0,,,0,0.0
/home/ota/metrics_analyze/repos/tier4/autoware_auto_ms,0,0,1.0,0,0,,,0,0.0
/home/ota/metrics_analyze/repos/tier4/caret_comm,0,0,1.0,0,0,,,0,0.0
/home/ota/metrics_analyze/repos/tier4/pacmod_interfa,0,0,1.0,0,0,,,0,0.0
/home/ota/metrics_analyze/repos/tier4/image_pipeli,7,81,3.0,24,0,456,531,86,0.4
/home/ota/metrics_analyze/repos/tier4/training_vehicle_laun,0,0,1.0,0,0,,,0,0.0
/home/ota/metrics_analyze/repos/vautonomous/velodyne_v,0,15,1.0,0,0,36,91,0,0.1
/home/ota/metrics_analyze/repos/vautonomous/autoware_individual_para,0,0,1.0,0,0,,,0,0.0
/home/ota/metrics_analyze/repos/vautonomous/sample_vehicle_laun,0,0,1.0,0,0,,,0,0.0
/home/ota/metrics_analyze/repos/vautonomous/autoware_adapi_ms,0,0,1.0,0,0,,,0,0.0
/home/ota/metrics_analyze/repos/vautonomous/autoware_laun,0,0,1.0,0,0,2,0,0,0.0
/home/ota/metrics_analyze/repos/vautonomous/tamagawa_imu_driv,0,0,1.0,0,0,,,0,0.0
/home/ota/metrics_analyze/repos/vautonomous/ndt_o,0,0,1.0,16,0,,,0,0.0
/home/ota/metrics_analyze/repos/vautonomous/tier4_ad_api_adapt,0,1,1.0,0,0,5,0,0,0.2
/home/ota/metrics_analyze/repos/vautonomous/ui_process_manag,0,0,1.0,0,0,,,0,0.0
/home/ota/metrics_analyze/repos/vautonomous/autoware_comm,0,0,1.0,0,0,,,0,0.0
/home/ota/metrics_analyze/repos/vautonomous/muS,0,0,1.0,0,0,,,0,0.0
/home/ota/metrics_analyze/repos/vautonomous/autoware.co,0,0,1.0,0,0,,,0,0.0
/home/ota/metrics_analyze/repos/vautonomous/sample_sensor_kit_laun,0,9,1.0,1,0,13,5,0,0.1
/home/ota/metrics_analyze/repos/vautonomous/autoware_ms,0,0,1.0,0,0,,,0,0.0
/home/ota/metrics_analyze/repos/vautonomous/isuzu_sensor_laun,0,7,1.0,1,0,13,5,0,0.1
/home/ota/metrics_analyze/repos/vautonomous/isuzu_vehicle_laun,0,0,1.0,0,0,,,0,0.0
/home/ota/metrics_analyze/repos/vautonomous/MORAI-ROS2_morai_ms,0,2,1.0,0,0,,,0,1.9
/home/ota/metrics_analyze/repos/vautonomous/applan,0,0,1.0,0,0,2,0,0,0.0
/home/ota/metrics_analyze/repos/vautonomous/sensor_component_descripti,0,1,1.0,0,0,1,0,0,0.1
/home/ota/metrics_analyze/repos/vautonomous/pointcloud_to_lasersc,0,1,1.0,0,0,2,0,0,0.1
/home/ota/metrics_analyze/repos/vautonomous/vehicle_interfa,0,0,1.0,0,0,,,0,0.0
/home/ota/metrics_analyze/repos/vautonomous/tier4_autoware_ms,0,0,1.0,0,0,,,0,0.0
/home/ota/metrics_analyze/repos/vautonomous/autoware_auto_ms,0,0,1.0,0,0,,,0,0.0
/home/ota/metrics_analyze/repos/vautonomous/pacmod_interfa,0,0,1.0,0,0,,,0,0.0
/home/ota/metrics_analyze/repos/vautonomous/autoware.univer,6,121,4.0,11,1,788,551,1193,0.1
/home/ota/metrics_analyze/repos/vautonomous/local_pose_publish,0,0,1.0,0,0,1,0,0,0.0
/home/ota/metrics_analyze/repos/aurelienUD/aurelien_vehicle_laun,0,0,1.0,0,0,,,0,0.0
/home/ota/metrics_analyze/repos/aurelienUD/aurelien_sensor_kit_laun,0,1,1.0,1,0,14,7,0,0.0
/home/ota/metrics_analyze/repos/aurelienUD/aurelien_autoware_laun,0,0,1.0,0,0,2,0,0,0.0
/home/ota/metrics_analyze/repos/aurelienUD/aurelien_autoware_individual_para,0,0,1.0,0,0,,,0,0.0
/home/ota/metrics_analyze/repos/Orient-Robotics/orient_autoware_laun,0,0,1.0,0,0,2,0,0,0.0
/home/ota/metrics_analyze/repos/MapIV/hesai_pand,0,0,1.0,0,0,,,0,0.0
/home/ota/metrics_analyze/repos/MapIV/transport_drive,0,0,1.0,0,0,1,0,0,0.0
/home/ota/metrics_analyze/repos/MapIV/rtklib_ros_brid,0,0,1.0,0,0,,,0,0.0
/home/ota/metrics_analyze/repos/MapIV/eagle,0,49,1.0,0,0,229,334,205,0.6
/home/ota/metrics_analyze/repos/MapIV/llh_convert,0,0,1.0,0,0,,,0,0.0
/home/ota/metrics_analyze/repos/RoverRobotics-forks/serial-ro,0,2,1.0,0,0,2,2,0,1.1
/home/ota/metrics_analyze/repos/ptrmu/ros2_shar,0,0,1.0,0,0,,,0,0.0
/home/ota/metrics_analyze/repos/inusturbo/xrm_rslidar_s,0,0,1.0,0,0,2,0,0,0.0
/home/ota/metrics_analyze/repos/inusturbo/xrm_rslidar_m,0,0,1.0,0,0,,,0,0.0
/home/ota/metrics_analyze/repos/inusturbo/xrm_imugnss_ros2_driv,5,12,4.0,1,0,47,0,0,0.0
/home/ota/metrics_analyze/repos/inusturbo/xrm_vehicle_laun,0,0,1.0,0,0,,,0,0.0
/home/ota/metrics_analyze/repos/inusturbo/xrm_autoware_laun,0,0,1.0,0,0,2,0,0,0.0
/home/ota/metrics_analyze/repos/inusturbo/xrm_sensor_kit_laun,0,1,1.0,1,0,24,11,186,0.0
/home/ota/metrics_analyze/repos/inusturbo/xrm_usb_c,0,0,1.0,0,0,,,0,0.0
/home/ota/metrics_analyze/repos/inusturbo/xrm_individual_para,0,0,1.0,0,0,,,0,0.0
/home/ota/metrics_analyze/repos/inusturbo/autoware.univer,8,129,4.0,11,1,1100,786,1878,0.1
/home/ota/metrics_analyze/repos/inusturbo/xrm_vehicle_interfa,0,0,1.0,0,0,,,0,0.0
/home/ota/metrics_analyze/repos/inusturbo/xrm_zmp_interfa,0,0,1.0,0,0,,,0,0.0
/home/ota/metrics_analyze/repos/danielsanchezaran/individual_para,0,0,1.0,0,0,,,0,0.0
/home/ota/metrics_analyze/repos/danielsanchezaran/autoware_launch.logi,0,0,1.0,0,0,2,0,0,0.0
/home/ota/metrics_analyze/repos/danielsanchezaran/Calibratio,7,98,5.0,0,0,1106,663,358,0.1
/home/ota/metrics_analyze/repos/danielsanchezaran/autoware.un,8,145,4.0,11,1,1099,771,1936,0.1
/home/ota/metrics_analyze/repos/danielsanchezaran/logiee_vehicle_laun,0,0,1.0,0,0,,,0,0.0
/home/ota/metrics_analyze/repos/danielsanchezaran/logiee_sensor_k,0,2,1.0,1,0,15,7,0,0.0
/home/ota/metrics_analyze/repos/joel-kallarackal/airl_vehicle_sensor_kit_laun,0,1,1.0,1,0,14,7,0,0.0
/home/ota/metrics_analyze/repos/joel-kallarackal/airl_vehicle_individual_para,0,0,1.0,0,0,,,0,0.0
/home/ota/metrics_analyze/repos/joel-kallarackal/airl_vehicle_laun,0,0,1.0,0,0,,,0,0.0
/home/ota/metrics_analyze/repos/joel-kallarackal/autoware_launch.airl_vehic,0,0,1.0,0,0,2,0,0,0.0
/home/ota/metrics_analyze/repos/Futu-reADS/YDLidar-S,54,7,5.0,2,0,62,106,213,0.1
/home/ota/metrics_analyze/repos/Futu-reADS/autoware_too,8,81,4.0,0,0,724,631,340,0.2
/home/ota/metrics_analyze/repos/Futu-reADS/autoware_individual_para,0,0,1.0,0,0,,,0,0.0
/home/ota/metrics_analyze/repos/Futu-reADS/sample_vehicle_laun,0,0,1.0,0,0,,,0,0.0
/home/ota/metrics_analyze/repos/Futu-reADS/autoware_adapi_ms,0,0,1.0,0,0,,,0,0.0
/home/ota/metrics_analyze/repos/Futu-reADS/autoware_laun,0,1,1.0,0,0,2,0,0,0.0
/home/ota/metrics_analyze/repos/Futu-reADS/ydlidar_ros2_driv,0,3,1.0,0,0,3,0,42,0.4
/home/ota/metrics_analyze/repos/Futu-reADS/witmotion_IMU_r,0,0,1.0,0,0,,,0,0.0
/home/ota/metrics_analyze/repos/Futu-reADS/tamagawa_imu_driv,0,0,1.0,0,0,,,0,0.0
/home/ota/metrics_analyze/repos/Futu-reADS/ndt_o,0,0,1.0,0,0,12,24,0,0.0
/home/ota/metrics_analyze/repos/Futu-reADS/nebu,0,6,1.0,3,0,89,99,0,0.2
/home/ota/metrics_analyze/repos/Futu-reADS/tier4_ad_api_adapt,0,1,1.0,0,0,5,0,0,0.2
/home/ota/metrics_analyze/repos/Futu-reADS/heapho,0,2,1.0,0,0,25,29,0,0.3
/home/ota/metrics_analyze/repos/Futu-reADS/gl,0,0,1.0,0,0,,,0,0.0
/home/ota/metrics_analyze/repos/Futu-reADS/autoware_comm,0,15,1.0,0,0,42,22,0,1.1
/home/ota/metrics_analyze/repos/Futu-reADS/muS,0,0,1.0,0,0,,,0,0.0
/home/ota/metrics_analyze/repos/Futu-reADS/autoware_launch.S,0,0,1.0,0,0,2,0,0,0.0
/home/ota/metrics_analyze/repos/Futu-reADS/autoware.co,0,0,1.0,0,0,,,0,0.0
/home/ota/metrics_analyze/repos/Futu-reADS/sample_sensor_kit_laun,0,1,1.0,1,0,14,7,0,0.0
/home/ota/metrics_analyze/repos/Futu-reADS/autoware_ms,0,0,1.0,0,0,,,0,0.0
/home/ota/metrics_analyze/repos/Futu-reADS/MORAI-ROS2_morai_ms,0,2,1.0,0,0,,,0,1.9
/home/ota/metrics_analyze/repos/Futu-reADS/ament_cma,0,2,1.0,0,0,135,217,0,0.3
/home/ota/metrics_analyze/repos/Futu-reADS/sensor_component_descripti,0,1,1.0,0,0,1,0,0,0.1
/home/ota/metrics_analyze/repos/Futu-reADS/autoware_launch.F,0,0,1.0,0,0,2,0,0,0.0
/home/ota/metrics_analyze/repos/Futu-reADS/pointcloud_to_lasersc,0,1,1.0,0,0,2,0,0,0.1
/home/ota/metrics_analyze/repos/Futu-reADS/transport_drive,0,0,1.0,0,0,1,0,0,0.0
/home/ota/metrics_analyze/repos/Futu-reADS/rtklib_ros_brid,0,0,1.0,0,0,,,0,0.0
/home/ota/metrics_analyze/repos/Futu-reADS/eagle,0,49,1.0,0,0,226,325,205,0.5
/home/ota/metrics_analyze/repos/Futu-reADS/tier4_autoware_ms,0,0,1.0,0,0,,,0,0.0
/home/ota/metrics_analyze/repos/Futu-reADS/autoware_auto_ms,0,0,1.0,0,0,,,0,0.0
/home/ota/metrics_analyze/repos/Futu-reADS/HesaiLidar_ROS_2,0,0,1.0,0,0,2,0,0,0.0
/home/ota/metrics_analyze/repos/Futu-reADS/pacmod_interfa,0,0,1.0,0,0,,,0,0.0
/home/ota/metrics_analyze/repos/Futu-reADS/autoware.univer,1,119,3.0,14,1,895,641,1715,0.1
/home/ota/metrics_analyze/repos/Futu-reADS/llh_convert,0,0,1.0,0,0,,,0,0.0
/home/ota/metrics_analyze/repos/Futu-reADS/ifb_driver_packa,0,0,1.0,0,0,,,0,0.0
/home/ota/metrics_analyze/repos/Futu-reADS/awsim_sensor_kit_laun,0,6,1.0,0,0,11,3,0,0.3
/home/ota/metrics_analyze/repos/Futu-reADS/autoware_internal_ms,0,0,1.0,0,0,,,0,0.0
/home/ota/metrics_analyze/repos/ahmaad-ansari/r2_vehicle_laun,0,0,1.0,0,0,,,0,0.0
/home/ota/metrics_analyze/repos/Hokuyo-aut/urg_nod,0,0,1.0,0,0,3,0,0,0.0
/home/ota/metrics_analyze/repos/NUSRI-P22/gyro_odomet,0,0,1.0,0,0,,,0,0.0
/home/ota/metrics_analyze/repos/NUSRI-P22/G60_s,1,11,3.0,1,0,79,131,0,0.4
/home/ota/metrics_analyze/repos/NUSRI-P22/unilidar_s,0,3,1.0,0,0,8,10,0,0.3
/home/ota/metrics_analyze/repos/NUSRI-P22/p22_vehicle_laun,0,0,1.0,0,0,,,0,0.0
/home/ota/metrics_analyze/repos/NUSRI-P22/tier4_autoware_msgs.p,0,0,1.0,0,0,,,0,0.0
/home/ota/metrics_analyze/repos/NUSRI-P22/autoware_launch.p,0,3,1.0,0,0,2,0,0,0.1
/home/ota/metrics_analyze/repos/NUSRI-P22/sensor_component_descripti,0,0,1.0,0,0,,,0,0.0
/home/ota/metrics_analyze/repos/NUSRI-P22/p22_sensor_kit_laun,0,3,1.0,0,0,10,5,0,0.1
/home/ota/metrics_analyze/repos/NUSRI-P22/autoware.universe.p,8,133,4.0,11,1,1130,811,2014,0.1
/home/ota/metrics_analyze/repos/NUSRI-P22/p22_rad,0,2,1.0,0,0,26,28,0,0.2
/home/ota/metrics_analyze/repos/clydemcqueen/gsca,0,3,1.0,3,0,4,0,0,0.2
/home/ota/metrics_analyze/repos/semvis123/autoware_individual_para,0,0,1.0,0,0,,,0,0.0
/home/ota/metrics_analyze/repos/semvis123/autoware_laun,0,0,1.0,0,0,2,0,0,0.0
/home/ota/metrics_analyze/repos/semvis123/vehicle_laun,0,0,1.0,0,0,,,0,0.0
/home/ota/metrics_analyze/repos/semvis123/sensor_kit_laun,0,1,1.0,1,0,14,7,0,0.0
